"","species","Trend","Trend_Q0.025","Trend_Q0.975","Number_of_Routes","Region"
"1","Abert's Towhee",0.565668579888012,-0.624827052548853,2.43539696905603,37,"US"
"2","Acadian Flycatcher",0.0225433479896453,-0.189268684299645,0.242267224314091,1322,"US"
"3","Acorn Woodpecker",0.78323270338202,0.329041835503301,1.27602766518758,209,"US"
"4","Alder Flycatcher",0.0909771866015374,-1.06070507998887,0.897467690575571,931,"CA"
"5","Alder Flycatcher",-0.824766339943211,-2.26929318326079,0.671447798453872,651,"US"
"6","Aleutian Tern",-0.638004063870429,-8.06577531443944,2.88703512274201,6,"US"
"7","Allen's Hummingbird",-3.83095593632571,-5.62693262755362,-2.16305964075933,59,"US"
"8","Altamira Oriole",-1.85420982685869,-28.9675543840031,7.31724407359069,5,"US"
"9","American Avocet",2.38470002660328,0.767622916111577,4.16858668533464,152,"CA"
"10","American Avocet",1.67954080191738,0.0820005137681057,3.34582440043715,336,"US"
"11","American Bittern",-0.645308536162847,-1.50934283511344,0.227521558141675,590,"CA"
"12","American Bittern",-1.051203528038,-1.79662970895869,-0.302990364229589,495,"US"
"13","American Black Duck",-1.31826085729152,-2.81473101709566,0.229723679061354,268,"CA"
"14","American Black Duck",-4.50708020882755,-5.82011641699925,-3.05461570757604,255,"US"
"15","American Coot",1.59838683230971,0.214891512560632,3.24540246422618,295,"CA"
"16","American Coot",-0.00311367464865264,-1.13358385772752,1.13978415770916,731,"US"
"17","American Crow",-0.683386315867979,-0.943258191201236,-0.441258874594109,993,"CA"
"18","American Crow",0.122451362235243,0.0512518263018086,0.190692127466853,3312,"US"
"19","American Dipper",-0.157681708416213,-1.62635060358802,1.18610412579621,27,"CA"
"20","American Dipper",0.0140217775705831,-0.730115613164054,1.00124529232627,199,"US"
"21","American Golden-Plover",-11.558911122738,-18.1869365854223,-4.17508366632583,11,"US"
"22","American Goldfinch",-0.588639871867108,-0.940868972615635,-0.288891285831772,867,"CA"
"23","American Goldfinch",-0.302990205951753,-0.417751638183688,-0.190357838762227,2692,"US"
"24","American Kestrel",-1.19626413680001,-1.96948512380725,-0.575190919681695,750,"CA"
"25","American Kestrel",-0.308872408718908,-0.522188246028617,-0.0890721270155554,2854,"US"
"26","American Oystercatcher",-0.257989780849355,-2.43208726566455,1.91459685793428,4,"US"
"27","American Pipit",-2.35724002719493,-8.68936039239499,1.44028411923011,5,"CA"
"28","American Pipit",-2.02066360610899,-8.38235770548322,1.38829659337252,29,"US"
"29","American Redstart",-0.00569917367100325,-0.761921538071152,0.519072645009545,804,"CA"
"30","American Redstart",-0.669979424060874,-0.901293513514586,-0.44783913184193,1412,"US"
"31","American Robin",0.0315249653539573,-0.542513598337931,0.453940501690147,1161,"CA"
"32","American Robin",0.311667587350539,0.117591290577413,0.445029081830716,3411,"US"
"33","American Three-toed Woodpecker",3.41152183542048,0.692968828713381,6.17499599793972,118,"CA"
"34","American Three-toed Woodpecker",2.64436207812341,-0.376809562793705,5.55372478234444,106,"US"
"35","American White Pelican",6.42872064590663,2.46733461820702,9.86259634904162,138,"CA"
"36","American White Pelican",7.29777672577521,3.72978823709842,10.356011741082,305,"US"
"37","American Wigeon",-0.771279293711347,-2.14820304592348,0.761631030908875,349,"CA"
"38","American Wigeon",0.163632325864282,-1.7018183896808,1.70844998246629,335,"US"
"39","American Woodcock",-2.48379435285407,-3.700589492894,-1.31269867499425,133,"CA"
"40","American Woodcock",-2.92329170923235,-4.06560576093336,-1.83935299191052,308,"US"
"41","Anhinga",2.12110554294499,1.13414157562533,3.15453583920574,246,"US"
"42","Anna's Hummingbird",8.87395259444517,3.1333848251625,15.5761508222037,10,"CA"
"43","Anna's Hummingbird",2.2669244955142,1.60310423787693,2.95193066272241,245,"US"
"44","Arctic Warbler",-3.40102070737827,-7.87103653876963,-0.280520450156972,22,"US"
"45","Arizona Woodpecker",0.411622907707143,-1.62405438570911,3.43033663451811,5,"US"
"46","Ash-throated Flycatcher",1.01544715676386,0.572842010257796,1.43436903240186,736,"US"
"47","Audubon's Oriole",7.14833673035996,4.53984084622229,9.76958877521547,25,"US"
"48","(Audubon's Warbler) Yellow-rumped Warbler",-0.43055879325406,-1.199096461134,0.279616698598043,155,"CA"
"49","(Audubon's Warbler) Yellow-rumped Warbler",-0.661338533908057,-1.87647102348897,-0.140011245297001,628,"US"
"50","Bachman's Sparrow",-2.97993923084456,-3.76015257979748,-2.17196597432984,246,"US"
"51","Baird's Sparrow",-1.37762697824094,-2.9644192662722,0.301170923540183,138,"CA"
"52","Baird's Sparrow",-1.59381485612069,-3.09900995989808,-0.1966367335873,98,"US"
"53","Bald Eagle",5.06356657996385,3.77779838819843,6.35831220875259,308,"CA"
"54","Bald Eagle",2.93455433008479,0.791592708838173,4.96580159638445,695,"US"
"55","Baltimore Oriole",-1.71573095771025,-2.217190386382,-1.26120107669891,506,"CA"
"56","Baltimore Oriole",-0.765276520181934,-0.923677040173646,-0.610610672446014,1776,"US"
"57","Band-tailed Pigeon",-3.5246685570579,-5.57491187029004,-1.78413356483412,46,"CA"
"58","Band-tailed Pigeon",-0.0554410316086773,-0.941191588315632,0.76378378550988,298,"US"
"59","Bank Swallow",-5.89170624753834,-7.97886504117012,-4.28587415936259,562,"CA"
"60","Bank Swallow",-5.21348325611973,-9.20702855217571,-2.64413081126352,1379,"US"
"61","Barn Owl",2.76828048124067,0.155321595372934,5.65930452924702,101,"US"
"62","Barn Swallow",-2.29292250093731,-2.63224705435249,-1.99497839758404,894,"CA"
"63","Barn Swallow",-0.19649729249353,-0.306189502848927,-0.0954973941447158,3572,"US"
"64","Barred Owl",3.03821405910674,1.72923938719373,4.34901407136948,53,"CA"
"65","Barred Owl",2.12833203018337,1.7229582724479,2.49996456117457,1405,"US"
"66","Barrow's Goldeneye",-0.928247624270667,-2.99650237695009,0.956818006698775,82,"CA"
"67","Barrow's Goldeneye",-0.616731467438086,-3.18545055671516,1.74806395470973,42,"US"
"68","Bar-tailed Godwit",-3.74157893758925,-25.8892355392399,2.74064489018763,4,"US"
"69","Bay-breasted Warbler",1.77503941573179,0.425601951760403,3.14222417462267,359,"CA"
"70","Bay-breasted Warbler",-1.3956374355332,-3.12654342158295,0.433989362107164,90,"US"
"71","Bell's Sparrow",0.363235363890924,-0.842067470414059,2.34982486537639,62,"US"
"72","Bell's Vireo",0.246502373575674,-0.208885252317382,0.652835819801096,540,"US"
"73","Belted Kingfisher",-1.00356136652668,-1.54970316041173,-0.487183070867213,707,"CA"
"74","Belted Kingfisher",-1.30746203179111,-1.58949001556731,-1.0478962817655,2547,"US"
"75","Bendire's Thrasher",-4.09918020376921,-5.59387023502098,-2.53383348117309,75,"US"
"76","Bewick's Wren",-1.78570314167075,-3.85882091929256,0.419469358870311,25,"CA"
"77","Bewick's Wren",-0.180493449232783,-1.99022218381574,0.321781669840543,922,"US"
"78","Bicknell's Thrush",-6.89132145100839,-14.1817822523293,-2.71651407456275,14,"CA"
"79","Bicknell's Thrush",-7.2198371175577,-14.7986995013815,-2.83960321625301,7,"US"
"80","(Black Brant) Brant",0.760140090556316,-4.81678889462001,16.1781297499844,3,"US"
"81","Black Oystercatcher",-0.593062012128709,-3.74717609202194,1.86142238168436,7,"CA"
"82","Black Oystercatcher",-0.275562772744997,-3.40562739642818,2.42225415188826,8,"US"
"83","Black Phoebe",3.16713414263305,2.45016253703311,3.96040231390674,269,"US"
"84","Black Rail",1.34165121426223,-3.36684900779011,63.7168649615611,3,"US"
"85","Black Scoter",0.942959596005444,-4.98564368808278,36.0046516442883,6,"US"
"86","Black Skimmer",-1.87616614712122,-4.67025885993166,0.336322221095231,61,"US"
"87","Black Swift",-3.02848268950646,-5.82345135107193,0.349749339156998,62,"CA"
"88","Black Swift",-3.23689430896696,-6.07779049998967,0.109823337029722,55,"US"
"89","Black Tern",-2.74646757958606,-4.89876709417385,-1.04413670270498,307,"CA"
"90","Black Tern",-4.27156462982402,-6.15863300330832,-2.45458268516411,221,"US"
"91","Black Vulture",4.11575059839332,3.55993878775745,4.64189286594989,1070,"US"
"92","Black-and-white Warbler",0.140844443090438,-0.75155704470499,0.82134218386581,627,"CA"
"93","Black-and-white Warbler",-0.499868288919481,-0.757795390089573,-0.244959502513062,1260,"US"
"94","Black-backed Woodpecker",3.48253763141594,0.623675345469082,6.45583371329784,170,"CA"
"95","Black-backed Woodpecker",2.845970842872,0.926354074769746,5.04232005623331,107,"US"
"96","Black-bellied Whistling-Duck",9.25578097008447,7.20568061923076,11.5668484792984,166,"US"
"97","Black-billed Cuckoo",-1.09513704870692,-2.09113439151129,-0.157774965428833,419,"CA"
"98","Black-billed Cuckoo",-2.24927999258963,-2.72222070443195,-1.76470812290228,1281,"US"
"99","Black-billed Magpie",-0.669842641434126,-1.1905849028663,-0.178004013158519,391,"CA"
"100","Black-billed Magpie",-1.15252360901814,-1.69546298235207,-0.732578386698257,824,"US"
"101","Blackburnian Warbler",0.561863922033645,-0.322669245868587,1.41313535166008,421,"CA"
"102","Blackburnian Warbler",-0.119449656324599,-0.535873565741747,0.316602612390536,438,"US"
"103","Black-capped Chickadee",0.919572668117563,0.546979065317567,1.29790596495232,942,"CA"
"104","Black-capped Chickadee",0.384214572668429,0.113129797536131,0.617257735709196,1658,"US"
"105","Black-capped Vireo",0.929044928397604,-1.05003946112459,4.5538487930578,10,"US"
"106","Black-chinned Hummingbird",0.990743523841531,-1.05164135754942,3.09654684063042,5,"CA"
"107","Black-chinned Hummingbird",0.858687973021244,0.214944530018319,1.52551436185924,427,"US"
"108","Black-chinned Sparrow",-2.87369913942471,-4.210717127377,-1.50087649668672,83,"US"
"109","Black-crested Titmouse",0.0784360282277685,-0.707267829422962,1.03590681783727,105,"US"
"110","Black-crowned Night-Heron",0.354335648850923,-1.97598534553453,2.72945366382737,119,"CA"
"111","Black-crowned Night-Heron",-0.0407126388568935,-1.04786062290251,0.97477232380803,508,"US"
"112","Black-headed Grosbeak",1.73680954002616,0.61675960312102,2.89700226524043,87,"CA"
"113","Black-headed Grosbeak",0.161698218053219,-0.159858921741202,0.466730858865546,940,"US"
"114","Black-legged Kittiwake",-0.381354088715224,-4.74073613119208,5.90781196429086,13,"CA"
"115","Black-legged Kittiwake",0.862675195043761,-2.63627923228054,8.37599940213921,10,"US"
"116","Black-necked Stilt",14.6298034660858,7.92030191281867,23.9588456948554,26,"CA"
"117","Black-necked Stilt",1.92076045733731,0.204063363189843,3.80438090369613,274,"US"
"118","Blackpoll Warbler",-2.87014026301794,-5.62322413771065,-0.467733424216473,260,"CA"
"119","Blackpoll Warbler",-2.7210009205002,-5.61209315777369,0.199123992857362,108,"US"
"120","Black-tailed Gnatcatcher",0.685782973196136,-0.535747382060069,2.53802511208323,127,"US"
"121","Black-throated Blue Warbler",1.98130018996873,1.13120031702587,2.77337656513271,333,"CA"
"122","Black-throated Blue Warbler",0.619341458984579,0.0749871594865936,1.16148163076776,393,"US"
"123","Black-throated Gray Warbler",-0.135325600720221,-2.03115217820136,1.9042448121807,40,"CA"
"124","Black-throated Gray Warbler",-0.757012676151331,-2.06164990334675,-0.125630856281163,371,"US"
"125","Black-throated Green Warbler",0.100655615782741,-0.865032456151502,0.820049104416875,507,"CA"
"126","Black-throated Green Warbler",0.58302627274327,0.269989989230907,0.903636353042411,600,"US"
"127","Black-throated Sparrow",-0.699326186443255,-1.24694005076871,-0.175630326249082,447,"US"
"128","Black-whiskered Vireo",-0.671185989940964,-1.93641861895672,0.567541092822459,15,"US"
"129","Blue Grosbeak",0.971990734803063,0.79562331673349,1.13043733612616,1799,"US"
"130","Blue Jay",1.01736964820638,0.732566801631021,1.28250861052927,659,"CA"
"131","Blue Jay",-0.829336324641483,-0.904189031422881,-0.750062317658971,2527,"US"
"132","Blue-gray Gnatcatcher",3.33416744325068,0.297321643363943,6.88178788415165,22,"CA"
"133","Blue-gray Gnatcatcher",0.721409966473407,0.515794504377644,0.921330954874483,2190,"US"
"134","Blue-headed Vireo",3.51974715576012,2.46867735055787,4.33009971205673,554,"CA"
"135","Blue-headed Vireo",3.37689702054578,2.89061200975006,3.83609506686043,656,"US"
"136","Bluethroat",0.404440713753207,-3.54614064165001,6.21904245472551,7,"US"
"137","Blue-throated Hummingbird",-0.0175143208815898,-6.39437648703723,5.91757520176376,4,"US"
"138","Blue-winged Teal",1.36641533499992,0.219863460158755,2.46488486386996,448,"CA"
"139","Blue-winged Teal",-0.365216187003614,-1.18872720788479,0.473401116190742,737,"US"
"140","Blue-winged Warbler",6.35476496555318,3.02430220167911,10.4016092473439,24,"CA"
"141","Blue-winged Warbler",-0.596907590942058,-1.16263711671752,0.0984064404207729,659,"US"
"142","Boat-tailed Grackle",-0.534061910371147,-1.78134570903674,0.682544377247238,192,"US"
"143","Bobolink",-2.53724067985812,-2.90385761788535,-2.13594520652669,509,"CA"
"144","Bobolink",-1.50626936168795,-1.78712655857099,-1.2408922761,1154,"US"
"145","Bohemian Waxwing",-3.049184626797,-5.42088713441831,-0.642302549277972,75,"CA"
"146","Bohemian Waxwing",-2.82535178299381,-5.21200052904587,-0.159385914026199,44,"US"
"147","Bonaparte's Gull",-0.950059259496233,-4.73975366210282,2.0005312398477,114,"CA"
"148","Bonaparte's Gull",-0.419329646066341,-3.24163093465384,2.22525456012848,35,"US"
"149","Boreal Chickadee",-0.998436176196216,-2.67815453165158,0.312350408302881,448,"CA"
"150","Boreal Chickadee",0.595048535959475,-1.38320145420326,2.61385812188075,111,"US"
"151","Botteri's Sparrow",5.27687895607191,1.26632517870687,9.89100885018598,11,"US"
"152","Brandt's Cormorant",-1.54808660538689,-6.46507217893462,1.15588942316864,5,"US"
"153","Brewer's Blackbird",-2.3292428041144,-2.79066630524105,-1.85081652977082,449,"CA"
"154","Brewer's Blackbird",-1.8789863245182,-2.18151881731812,-1.5958977441327,1253,"US"
"155","Brewer's Sparrow",-0.547946562962009,-3.80014201203369,2.42408383601791,55,"CA"
"156","Brewer's Sparrow",-1.61541525750129,-2.12888338054447,-1.08170009312056,662,"US"
"157","Bridled Titmouse",-0.237930251250557,-1.81798055687692,1.26606808048526,16,"US"
"158","Bristle-thighed Curlew",-1.12690634518113,-17.2556747912258,5.57953230869703,3,"US"
"159","Broad-billed Hummingbird",1.34247589000273,-0.778061209860841,5.96377556650203,8,"US"
"160","Broad-tailed Hummingbird",-0.968941960789632,-1.56983854130498,-0.364668454785699,293,"US"
"161","Broad-winged Hawk",1.54300817116991,0.874789218672879,2.24485541657583,333,"CA"
"162","Broad-winged Hawk",1.22610735606041,0.890711153010839,1.56100140077689,1146,"US"
"163","Bronzed Cowbird",-0.421774661050311,-1.76563985067373,0.862878485339924,130,"US"
"164","Brown Creeper",1.84397153437541,0.794628985193772,2.86304981855299,389,"CA"
"165","Brown Creeper",0.690945756643413,0.084619768330203,1.31217285393491,801,"US"
"166","Brown Pelican",2.8297499953081,0.450916246450226,5.6990248293098,57,"US"
"167","Brown Thrasher",-0.964314810662925,-1.37194283922698,-0.575977174187985,386,"CA"
"168","Brown Thrasher",-0.974233992882201,-1.08018580954218,-0.872326275590877,2457,"US"
"169","Brown-crested Flycatcher",2.80613800143081,1.75817428133635,3.77948629184842,88,"US"
"170","Brown-headed Cowbird",-1.16996950164545,-1.48060880337942,-0.83828012305149,793,"CA"
"171","Brown-headed Cowbird",-0.512512771313001,-0.646996699246375,-0.393357807550831,3736,"US"
"172","Brown-headed Nuthatch",-0.59712504776297,-1.0127189405124,-0.158877965031548,515,"US"
"173","Bufflehead",2.10453849132572,-0.715401275282019,4.38098548143526,240,"CA"
"174","Bufflehead",-0.419467062055379,-4.09392403860967,2.40254386371922,56,"US"
"175","Bullock's Oriole",1.95850663661417,0.732015648947664,3.31049028934604,48,"CA"
"176","Bullock's Oriole",-0.691925349077532,-1.004363430394,-0.395419350287443,1084,"US"
"177","Burrowing Owl",0.134984098760582,-0.641069750451711,0.877022147259453,577,"US"
"178","Bushtit",0.547705633274664,-2.53821501112196,4.01216830261482,20,"CA"
"179","Bushtit",-0.28625778789203,-1.30881525636271,0.753582013732032,460,"US"
"180","Cactus Wren",-1.56665414617935,-2.34073793265117,-0.761746477517821,261,"US"
"181","California Gull",1.06600311843162,-1.57595538777989,3.55070943374094,133,"CA"
"182","California Gull",-0.305987260895968,-2.48157074981868,1.93562456471434,269,"US"
"183","California Quail",2.87124170252391,0.911403603741615,5.0656412868837,22,"CA"
"184","California Quail",0.770309775387379,0.116804186915682,1.3133686866742,433,"US"
"185","California Scrub-Jay",0.188396299531568,-0.16645821351411,0.504051221136558,228,"US"
"186","California Thrasher",-1.21081790678764,-2.08274933425134,-0.387010640997371,105,"US"
"187","California Towhee",-0.307474173955036,-0.701594606353931,0.13341427665088,156,"US"
"188","Calliope Hummingbird",0.595937160361704,-0.79744573327451,2.25525748180579,48,"CA"
"189","Calliope Hummingbird",-0.633222386357901,-1.76927254710357,0.288045438205778,165,"US"
"190","Canada Goose",10.1915445850246,4.27970635528825,13.8516566586542,850,"CA"
"191","Canada Goose",8.89799120774304,5.34719429004409,11.1614439671288,2355,"US"
"192","Canada Jay",0.0425505309476604,-1.14444888777573,1.11562520115524,588,"CA"
"193","Canada Jay",0.450449822875343,-0.773153405790417,1.72012483797469,389,"US"
"194","Canada Warbler",-1.61093939066241,-2.5557630975026,-0.689814073190366,403,"CA"
"195","Canada Warbler",-1.32067520559117,-1.90249925875082,-0.752344009515853,410,"US"
"196","Canvasback",1.02585831068233,-0.426707963895561,2.50760049353269,194,"CA"
"197","Canvasback",1.32273242407842,-0.314048341014621,2.83798337926092,105,"US"
"198","Canyon Towhee",-1.32025264776883,-2.21619586371656,-0.511769276550956,186,"US"
"199","Canyon Wren",-0.116578465120853,-0.663843576813205,0.452415944709552,355,"US"
"200","Cape May Warbler",3.17799890471161,0.236161630775273,5.27498683181358,371,"CA"
"201","Cape May Warbler",2.85385702006347,1.41574310692982,4.36907611268933,142,"US"
"202","Carolina Chickadee",-0.505746854626177,-0.676413421500049,-0.356309121076296,1353,"US"
"203","Carolina Wren",4.6050458122699,1.02629312159894,8.80916076296581,11,"CA"
"204","Carolina Wren",1.04248612942052,0.902995211552255,1.19927117067042,1801,"US"
"205","Caspian Tern",2.65055928110811,-0.809571921380473,6.54037043556633,32,"CA"
"206","Caspian Tern",1.25267115960362,-0.79683974330339,3.07536990049145,138,"US"
"207","Cassin's Finch",-1.12788117789289,-2.61375787395238,0.477013325774001,41,"CA"
"208","Cassin's Finch",0.022328880658673,-1.16896531817437,0.910385114295144,439,"US"
"209","Cassin's Kingbird",-0.132042878461558,-1.01552173263709,0.710061648193289,273,"US"
"210","Cassin's Sparrow",-0.763257434322789,-1.37462931595229,-0.168929766140438,358,"US"
"211","Cassin's Vireo",0.312471017340754,-0.542476326546668,1.13952501791192,137,"CA"
"212","Cassin's Vireo",1.15396743151562,0.42213513584377,1.84757473551607,339,"US"
"213","Cattle Egret",-0.731106723884251,-1.42132651969877,0.0834741559486864,813,"US"
"214","Cave Swallow",56.4964342564851,45.8711595644555,69.9036477661284,126,"US"
"215","Cedar Waxwing",0.236113459003184,-1.02876736553852,1.0898604109741,950,"CA"
"216","Cedar Waxwing",0.455804938860238,0.192247107087716,0.697158235397512,1960,"US"
"217","Cerulean Warbler",-2.44281779434238,-6.21966347605361,1.56053538190727,3,"CA"
"218","Cerulean Warbler",-2.63913653387352,-3.28800875270585,-1.99722346317889,371,"US"
"219","Chestnut-backed Chickadee",-1.18744035929869,-2.36498586110587,0.0340103988434004,81,"CA"
"220","Chestnut-backed Chickadee",-0.516297234543256,-1.42357658363908,0.193675761957528,208,"US"
"221","Chestnut-collared Longspur",-4.76969012755372,-6.02868937492806,-3.55628465491369,99,"CA"
"222","Chestnut-collared Longspur",-2.20748076727796,-3.42178625968641,-1.27327147880494,145,"US"
"223","Chestnut-sided Warbler",-1.11527248437701,-1.68195611875465,-0.576032271430063,530,"CA"
"224","Chestnut-sided Warbler",-0.416100290770149,-0.632281963845515,-0.197263922365371,710,"US"
"225","Chihuahuan Raven",0.85144502561697,-0.176466056538194,1.77904500198402,175,"US"
"226","Chimney Swift",-4.44701073572348,-5.03132008220608,-3.86323350217035,233,"CA"
"227","Chimney Swift",-2.34582688897484,-2.47190251834444,-2.21229988977495,2374,"US"
"228","Chipping Sparrow",-1.30158466442412,-3.2784639847997,-0.438827406905736,1033,"CA"
"229","Chipping Sparrow",-0.358080807818889,-0.517748636056941,-0.210590931586938,3029,"US"
"230","Chuck-will's-widow",-1.80811831208829,-2.10819062062574,-1.52015257789108,775,"US"
"231","Chukar",-0.30675361338352,-3.82661593419149,2.18460802809822,4,"CA"
"232","Chukar",0.306633006557211,-1.02704221837214,1.62125514022419,173,"US"
"233","Cinnamon Teal",3.80708729434587,1.18044641277391,6.33403537274371,73,"CA"
"234","Cinnamon Teal",-0.483856734071392,-1.76718757009728,0.839902028663753,394,"US"
"235","Clapper Rail",-0.167980273730584,-1.73905953292942,1.27015041812812,68,"US"
"236","Clark's Grebe",1.41987507705349,-2.29425417204205,6.45311385389882,23,"US"
"237","Clark's Nutcracker",0.736249199153283,-0.517887623418363,1.91794499618422,52,"CA"
"238","Clark's Nutcracker",0.683137616330709,-0.173964263805617,1.50577429153528,372,"US"
"239","Clay-colored Sparrow",-1.18579982745467,-1.60207239415789,-0.758995817002397,517,"CA"
"240","Clay-colored Sparrow",-0.520607367945458,-0.908985688835968,-0.10956538648625,378,"US"
"241","Cliff Swallow",-2.06926456456328,-4.532460988717,-0.491610960636586,662,"CA"
"242","Cliff Swallow",2.23925025249077,1.01861399710923,3.00288516656326,2602,"US"
"243","Common Eider",0.399386068068197,-1.46026120487298,2.68304679758545,26,"CA"
"244","Common Eider",0.195206590567454,-1.94840885755578,3.00443584107193,4,"US"
"245","Common Gallinule",-5.26903003927126,-8.62221189467134,-2.0660791041161,21,"CA"
"246","Common Gallinule",0.21614627498876,-1.2366936056057,1.59598785801711,204,"US"
"247","Common Goldeneye",0.0246173908939662,-1.36843397276978,1.32232307779147,328,"CA"
"248","Common Goldeneye",0.429915559070593,-1.07724128430608,2.19893820343328,52,"US"
"249","Common Grackle",-0.303227266958073,-0.712174404546821,0.0836731920490695,749,"CA"
"250","Common Grackle",-1.93921361718383,-2.05236414594113,-1.80856470839742,2811,"US"
"251","Common Ground-Dove",-1.29465866777752,-1.82960875468944,-0.760697824703903,338,"US"
"252","Common Loon",1.30319967848754,0.391821803851323,2.19758879307738,746,"CA"
"253","Common Loon",0.894365919266227,-0.0978609628484839,1.74017635238493,337,"US"
"254","Common Merganser",-0.440652517429763,-2.19159105153997,0.800718346754004,377,"CA"
"255","Common Merganser",0.971279669481717,-0.560062576239095,2.23507293847426,543,"US"
"256","Common Nighthawk",-1.8417192343694,-2.97118899018049,-0.735400929061432,373,"CA"
"257","Common Nighthawk",-1.38959617658487,-1.65812103778123,-1.09258338281447,2158,"US"
"258","Common Pauraque",1.20187766991874,-0.949619673616837,3.66149986177257,28,"US"
"259","Common Poorwill",0.474171541441148,-0.557940131823714,1.61848694696458,327,"US"
"260","Common Raven",2.40018625642089,1.20715740564958,3.26230715165609,1038,"CA"
"261","Common Raven",3.09271045975786,2.30231683978782,3.63344751534757,1847,"US"
"262","Common Redpoll",-3.36462783268523,-6.3651150976222,-1.0029032104825,79,"CA"
"263","Common Redpoll",-3.73740464509648,-6.34064441974704,-1.44634078856732,78,"US"
"264","Common Tern",-2.01790066266738,-4.39810460947791,0.46112685543768,210,"CA"
"265","Common Tern",-1.72757522194518,-3.64279047912502,1.02921157011333,60,"US"
"266","Common Yellowthroat",-0.355198292172715,-0.791849363692495,-0.0165183332115948,1071,"CA"
"267","Common Yellowthroat",-0.792787541472229,-0.874863826143668,-0.716190598575912,3048,"US"
"268","Connecticut Warbler",-0.913456546873864,-2.63104209809932,0.632914488047771,189,"CA"
"269","Connecticut Warbler",-2.32214253324137,-3.77326737967681,-0.984674071815594,64,"US"
"270","Cooper's Hawk",0.218889026866753,-1.20353786744698,1.65560147096129,140,"CA"
"271","Cooper's Hawk",2.64015169376762,2.15707779703347,3.09928804061812,1679,"US"
"272","Cordilleran Flycatcher",-1.87465360428271,-5.89497081929278,1.32679798309302,6,"CA"
"273","Cordilleran Flycatcher",-0.302196745675776,-1.25933102405084,0.492086889862406,288,"US"
"274","Costa's Hummingbird",0.209325279591666,-1.51149203499791,2.16702025627405,97,"US"
"275","Couch's Kingbird",9.79259857669147,7.34290220647479,12.6418369455047,43,"US"
"276","Crested Caracara",6.18064259656788,5.06079520126294,7.38484348293514,128,"US"
"277","Crissal Thrasher",0.264055411928354,-0.887790716911902,2.44909075106524,90,"US"
"278","Curve-billed Thrasher",-0.647433849119761,-1.51841722869259,0.251693743065963,237,"US"
"279","Dickcissel",-0.319709841017218,-0.598413937071801,-0.0280660276706177,1299,"US"
"280","Double-crested Cormorant",6.67665673556045,4.6895444696259,9.33139832878762,305,"CA"
"281","Double-crested Cormorant",4.22826944479778,3.00880681974272,5.55414759294603,836,"US"
"282","Downy Woodpecker",0.415547112570525,0.0439008016733622,0.766455166062326,733,"CA"
"283","Downy Woodpecker",-0.00629920458506961,-0.131531976161501,0.114944744041521,2889,"US"
"284","Dunlin",-0.22125700242478,-6.8628301662604,6.88296850378501,4,"US"
"285","Dusky Flycatcher",0.87489342573781,-0.155803920953635,1.92747988881447,121,"CA"
"286","Dusky Flycatcher",1.91261276812782,1.04361337281726,2.70685959802783,503,"US"
"287","Dusky Grouse",0.749068688361176,-0.564194015507031,3.59575275140614,57,"US"
"288","Dusky-capped Flycatcher",0.633749900138547,-1.01277853957898,2.87254687109146,12,"US"
"289","Eared Grebe",3.32407046313137,1.55878847316766,5.33280810011565,135,"CA"
"290","Eared Grebe",3.22316133580339,1.45308205452698,5.08841356469231,166,"US"
"291","Eastern Bluebird",1.9745553460656,1.19132637838197,2.69897426819971,247,"CA"
"292","Eastern Bluebird",1.28684341014442,1.12676230361604,1.43981125952283,2340,"US"
"293","Eastern Kingbird",-1.0606359316906,-1.42089652886341,-0.71777073641221,706,"CA"
"294","Eastern Kingbird",-1.08524699496877,-1.20614293661571,-0.965420338978297,2838,"US"
"295","Eastern Meadowlark",-4.25947080836629,-4.63330392223713,-3.87341386037184,194,"CA"
"296","Eastern Meadowlark",-2.80206202331998,-2.95460973557276,-2.58683868629541,2377,"US"
"297","Eastern Phoebe",-0.755525610672175,-1.67174530924227,0.121743845218713,549,"CA"
"298","Eastern Phoebe",0.806751572362929,0.672201898642108,0.950562697589932,2068,"US"
"299","Eastern Screech-Owl",-1.40787242331928,-2.71887784673571,-0.257213072119361,204,"US"
"300","Eastern Towhee",-1.18444450946581,-2.1163683182576,-0.303390832049421,120,"CA"
"301","Eastern Towhee",-1.59198534033017,-1.70362893295747,-1.48725261127426,1976,"US"
"302","Eastern Whip-poor-will",-0.850679967252904,-2.74481664543674,0.839671915214749,67,"CA"
"303","Eastern Whip-poor-will",-2.31584765894932,-2.83318937312716,-1.80735637635822,724,"US"
"304","Eastern Wood-Pewee",-2.13415792571126,-2.77296857246156,-1.72587978317048,356,"CA"
"305","Eastern Wood-Pewee",-0.970420513037862,-1.07535342873593,-0.855488816315574,2202,"US"
"306","Eastern Yellow Wagtail",-11.2551220320119,-16.9225690224074,-4.65251763181378,10,"US"
"307","Eurasian Collared-Dove",705.887699077942,370.050876907485,1030.22212371131,80,"CA"
"308","Eurasian Collared-Dove",480.913234373884,222.999897855514,701.475807101564,1598,"US"
"309","Eurasian Tree Sparrow",6.20580425230188,4.17575311621075,8.24188652194553,43,"US"
"310","European Starling",-2.39846962488748,-2.90561263127703,-2.00179339281198,826,"CA"
"311","European Starling",-1.18124752643001,-1.30569574057028,-1.07292626462014,3540,"US"
"312","Evening Grosbeak",-3.84726433011771,-6.11918492890309,-2.06446609048925,492,"CA"
"313","Evening Grosbeak",-1.13358761823736,-2.42892115259645,0.123621488989767,551,"US"
"314","Ferruginous Hawk",2.04927391542896,0.476462586004253,3.6300281054334,87,"CA"
"315","Ferruginous Hawk",1.81971847390378,1.08884471937787,2.69662744170452,426,"US"
"316","Field Sparrow",-1.2987832632617,-1.91623658911516,-0.675235936989478,137,"CA"
"317","Field Sparrow",-2.26238840963067,-2.38824289074802,-2.1285547876252,2108,"US"
"318","Fish Crow",1.15829606626421,0.72964613963712,1.52766312117038,885,"US"
"319","Florida Scrub-Jay",-4.34700429167417,-6.93320241370355,-1.72501565340391,12,"US"
"320","Forster's Tern",-1.51057102029625,-6.15694415835183,3.66110795172805,26,"CA"
"321","Forster's Tern",-1.06087136211226,-2.93581674780093,0.78525502574377,215,"US"
"322","Fox Sparrow",1.53503751467136,-1.85927015685994,4.42964536986689,275,"CA"
"323","Fox Sparrow",-0.017621396848827,-2.65265516448215,2.33627664990658,403,"US"
"324","Franklin's Gull",-1.61423558656713,-4.94770895072098,1.50264711849464,243,"CA"
"325","Franklin's Gull",-4.42950393589689,-7.4582520143136,-1.19430868741234,130,"US"
"326","Fulvous Whistling-Duck",3.53814577864979,0.592195253612016,6.33557293321841,43,"US"
"327","Gadwall",3.85534908844357,2.79400213415314,4.9345628639223,276,"CA"
"328","Gadwall",1.09900863896335,0.056176608248586,1.93079490984416,484,"US"
"329","Gambel's Quail",-0.062279586566516,-0.987694952152112,0.842812360412151,154,"US"
"330","Gila Woodpecker",-0.214872519420817,-1.37093304155381,0.941338312693434,47,"US"
"331","Gilded Flicker",-0.602537073722953,-2.26886742068741,0.785018810507599,40,"US"
"332","Glaucous Gull",0.160442345268696,-5.77392004202255,8.29386942976848,11,"US"
"333","Glaucous-winged Gull",0.483563565678502,-1.41749328229598,3.27713173469991,32,"CA"
"334","Glaucous-winged Gull",-0.827266769067053,-3.79024939285297,1.30597926953018,69,"US"
"335","Glossy Ibis",5.1340133984056,1.96137164555138,7.93328752749321,85,"US"
"336","Golden Eagle",0.173084161774473,-0.903262163841518,1.29771144784077,30,"CA"
"337","Golden Eagle",0.261274262654598,-0.196089200617034,0.844440412336841,675,"US"
"338","Golden-crowned Kinglet",0.710762388146624,-0.213848189665874,1.63253606511666,582,"CA"
"339","Golden-crowned Kinglet",-0.21849410577649,-0.997379688568245,0.506333619583661,651,"US"
"340","Golden-crowned Sparrow",-1.56131400121716,-5.4819550223931,3.10945753792229,21,"CA"
"341","Golden-crowned Sparrow",-2.29194971477773,-5.72449977797859,0.780325324125527,45,"US"
"342","Golden-fronted Woodpecker",-0.145398739640501,-0.7276573949252,0.504135307345006,109,"US"
"343","Golden-winged Warbler",1.8485257199554,-1.00707903822845,4.18808015204737,63,"CA"
"344","Golden-winged Warbler",-2.43129374711745,-3.19078601842878,-1.72988880103406,349,"US"
"345","Grace's Warbler",-2.2380785888567,-4.0357556859319,-0.921266817110862,71,"US"
"346","Grasshopper Sparrow",0.421001286179601,-0.991155415073107,1.77974155438978,212,"CA"
"347","Grasshopper Sparrow",-2.58287315180907,-2.88952911788228,-2.24595272050541,1987,"US"
"348","Gray Catbird",-0.0713586962002188,-0.384218723593436,0.255738394560524,614,"CA"
"349","Gray Catbird",-0.0105879916722673,-0.106314194543567,0.0897764301486103,2389,"US"
"350","Gray Flycatcher",8.96391659920194,5.18700228259807,14.4512246461537,4,"CA"
"351","Gray Flycatcher",3.29631428844428,1.6628278570254,4.70139111324414,265,"US"
"352","Gray Hawk",4.81303713033279,0.495438500842735,11.5527886614503,6,"US"
"353","Gray Kingbird",-0.087831809765454,-1.62174462763825,1.4714570025975,30,"US"
"354","Gray Partridge",0.742456358054078,-0.620487934767749,2.15992877628141,174,"CA"
"355","Gray Partridge",0.439912170557744,-0.712706582117104,1.59387444033722,249,"US"
"356","Gray Vireo",2.72007007179458,0.853323875999945,4.91072704990994,105,"US"
"357","Gray-cheeked Thrush",-2.25188498306897,-6.40551223454973,1.75829477478161,71,"CA"
"358","Gray-cheeked Thrush",-1.28897636343654,-4.73801091955717,2.1104768744095,73,"US"
"359","(Gray-headed Junco) Dark-eyed Junco",0.32397948984243,-2.00411778803346,1.81407448699588,167,"US"
"360","Great Black-backed Gull",-3.21083228784294,-7.34193876092084,0.31925211308383,118,"CA"
"361","Great Black-backed Gull",-0.0119810329473335,-2.54202974154517,3.02178620625879,63,"US"
"362","Great Blue Heron",-0.326567926522464,-0.934714882641061,0.342443675751533,672,"CA"
"363","Great Blue Heron",1.33361622409393,1.0674253683238,1.58179583966748,3060,"US"
"364","Great Crested Flycatcher",-0.668512332484933,-1.01496631536947,-0.319381515153476,348,"CA"
"365","Great Crested Flycatcher",0.0221906262072524,-0.0837852434191028,0.134300495287065,2354,"US"
"366","Great Egret",6.33629415586866,1.84747603454614,11.3396182284302,11,"CA"
"367","Great Egret",2.92169866914935,1.99438056862006,3.89243265339394,983,"US"
"368","Great Gray Owl",1.10380788149568,-1.24163782584997,5.72466561192328,16,"CA"
"369","Great Horned Owl",-0.371786284585257,-1.63048321878618,0.694516920436401,343,"CA"
"370","Great Horned Owl",0.661601620219088,0.241743941407595,1.05793978343526,2170,"US"
"371","Great Kiskadee",5.5502175884153,3.30336833890267,8.02668714659594,35,"US"
"372","Greater Prairie-Chicken",3.73308428908232,0.349818108879372,7.47646552938042,97,"US"
"373","Greater Roadrunner",1.2185358985102,0.632190870479403,1.81906457155746,493,"US"
"374","Greater Sage-Grouse",-2.11591741585078,-3.97976619084728,-0.265277769657732,161,"US"
"375","Greater White-fronted Goose",0.596043075119146,-3.2889179726511,8.25429632470126,12,"US"
"376","Greater Yellowlegs",0.744368242334059,-1.04522204400195,2.85593438255147,149,"CA"
"377","Greater Yellowlegs",0.206496126865718,-0.993348570525012,1.90394017207668,47,"US"
"378","Great-tailed Grackle",1.18005625180668,0.3326024548515,2.29393343118424,546,"US"
"379","Green Heron",-0.650838935002224,-1.44095883853107,0.133635893033814,111,"CA"
"380","Green Heron",-1.67352910720511,-1.89953051292402,-1.45891969120958,2216,"US"
"381","Green Jay",8.33074329793518,6.01694126710483,10.9627589061885,32,"US"
"382","Green Kingfisher",-0.26643120913783,-5.66458786328152,3.65982914507233,3,"US"
"383","Green-tailed Towhee",0.320252802750087,-0.232595458640585,0.841826406407192,451,"US"
"384","Green-winged Teal",0.55746409741001,-1.33707510776623,2.37191078396197,380,"CA"
"385","Green-winged Teal",0.0745600884448194,-1.37976754515671,1.47826701194058,477,"US"
"386","Groove-billed Ani",-0.577923208334857,-2.85895517512711,2.52559276079962,23,"US"
"387","Gull-billed Tern",-0.762743527417403,-4.6709359217816,4.08840634584555,28,"US"
"388","Gunnison Sage-Grouse",0.769228515715892,-3.03098913355522,12.1523787784753,6,"US"
"389","Gyrfalcon",-0.466006020640569,-9.963391633226,2.84627077352246,8,"US"
"390","Hairy Woodpecker",1.2865580557025,0.800735388007686,1.75695161360265,858,"CA"
"391","Hairy Woodpecker",0.778431306404959,0.530771571967689,1.00962828177777,2740,"US"
"392","Hammond's Flycatcher",1.26681483456178,0.29710375077644,2.15630539882394,176,"CA"
"393","Hammond's Flycatcher",0.494318012627237,-0.745596446171955,1.50880460135483,399,"US"
"394","(Harlan's Hawk) Red-tailed Hawk",2.31052539350508,-2.56320014222759,19.5246484431558,7,"CA"
"395","(Harlan's Hawk) Red-tailed Hawk",3.79799377697537,-0.603969474709947,19.0862431688033,10,"US"
"396","Harlequin Duck",-3.12162569947861,-8.07600363290723,0.870573429100283,13,"CA"
"397","Harlequin Duck",-3.11039113052515,-8.21433124923944,0.833916129136655,26,"US"
"398","Harris's Hawk",-1.30510956124921,-2.69293599001234,-0.098220349318481,78,"US"
"399","Henslow's Sparrow",-9.91927456695105,-19.9837799075642,-1.22101287842094,5,"CA"
"400","Henslow's Sparrow",-1.85508618346987,-2.7948231417609,-0.853747765592372,339,"US"
"401","Hepatic Tanager",1.32031408898852,-0.320655350248996,2.89596309739943,49,"US"
"402","Hermit Thrush",-0.707826588021143,-3.11986267588727,1.14513146298389,879,"CA"
"403","Hermit Thrush",-0.146917063223717,-1.47237602889871,0.847873220700451,1035,"US"
"404","Hermit Warbler",0.528719014682622,-0.17095660488407,1.25457080424868,167,"US"
"405","Herring Gull",-1.7676377326935,-4.66063936376984,0.617200675529262,422,"CA"
"406","Herring Gull",-1.75879185928399,-4.55908906909827,0.315837042567622,332,"US"
"407","Hoary Redpoll",14.9191430739397,-1.67685903022888,50.4574804708081,6,"US"
"408","Hooded Merganser",3.23689050648844,1.70982945204502,4.73927028514686,126,"CA"
"409","Hooded Merganser",4.07532587337591,2.59982537518894,5.54042408965728,165,"US"
"410","Hooded Oriole",1.5113195555815,0.228597811881122,2.71895912926945,155,"US"
"411","Hooded Warbler",1.23304249502624,0.86088419712439,1.6092975212747,969,"US"
"412","Horned Grebe",-1.87849580278854,-4.18678597376873,0.252589299215552,187,"CA"
"413","Horned Grebe",-2.50208723318299,-4.99679130606513,-0.45312676341151,36,"US"
"414","Horned Lark",-4.48601463753808,-4.9638828194311,-4.05442899787254,391,"CA"
"415","Horned Lark",-1.93153269197173,-2.14207343748386,-1.72630122814853,2305,"US"
"416","House Finch",0.817457093062646,-1.24202242426674,2.93673558193239,203,"CA"
"417","House Finch",0.292288231948212,-1.17801691595359,0.572579923059316,2949,"US"
"418","House Sparrow",-3.78594951769156,-4.12181050063556,-3.44046488236929,654,"CA"
"419","House Sparrow",-3.00629630066831,-3.15435210778499,-2.87987470594623,3264,"US"
"420","House Wren",0.576554774915239,0.248797551238487,0.916836904703293,577,"CA"
"421","House Wren",0.7684147382369,0.628908178317902,0.904143698253804,2542,"US"
"422","Hutton's Vireo",3.20988298789617,0.823744822145369,5.57534841356607,29,"CA"
"423","Hutton's Vireo",2.15114621952618,1.41199098796028,2.95018976875051,214,"US"
"424","Inca Dove",1.17617644444391,0.0178542766995382,2.22130937230804,229,"US"
"425","Indigo Bunting",0.697745215433654,0.269276920463696,1.1617262907272,231,"CA"
"426","Indigo Bunting",-0.723928734515578,-0.802601238805704,-0.65025359664972,2317,"US"
"427","Juniper Titmouse",0.258675339463665,-0.607215586663769,1.40172859653924,175,"US"
"428","Kentucky Warbler",-0.482839606978946,-0.801778507801912,-0.12296125693057,1057,"US"
"429","Killdeer",-2.45887917171047,-2.81809182057548,-2.11152421850752,812,"CA"
"430","Killdeer",-0.274651144390359,-0.401033951388942,-0.139793020924507,3518,"US"
"431","King Rail",-4.29729193869025,-6.50388307752416,-2.28315334440151,58,"US"
"432","Kirtland's Warbler",2.0560019865469,-1.335146662892,20.5046348283579,5,"US"
"433","Ladder-backed Woodpecker",0.112618360527084,-0.30062532647948,0.557328120966877,323,"US"
"434","Lapland Longspur",-8.12217122528686,-13.0304018434393,-3.18600284010692,19,"US"
"435","Lark Bunting",-5.30519698223731,-8.98357553600082,-1.70388714311744,86,"CA"
"436","Lark Bunting",-2.61469524081112,-3.49141174030174,-1.60131173678232,470,"US"
"437","Lark Sparrow",1.39743256805961,-0.264556218957272,3.029628360943,87,"CA"
"438","Lark Sparrow",-1.07614908351748,-1.34334530919552,-0.807386071711688,1617,"US"
"439","Laughing Gull",2.44859922454269,0.488716359433502,5.03067459008259,208,"US"
"440","Lawrence's Goldfinch",-0.148746529595084,-1.51052750869216,0.996561796076674,92,"US"
"441","Lazuli Bunting",3.17599846003586,2.04166383720273,4.32393437221645,67,"CA"
"442","Lazuli Bunting",-0.0608491647868359,-0.657576114832825,0.467370763276953,720,"US"
"443","Least Bittern",0.133509879499538,-1.94230729018363,2.32159043673006,13,"CA"
"444","Least Bittern",0.0915326663491145,-1.26474258629035,1.54845696235602,86,"US"
"445","Least Flycatcher",-1.29156617050443,-2.31336210679031,-0.77518968533603,975,"CA"
"446","Least Flycatcher",-1.29206106376197,-1.51153117303077,-1.05723821380149,976,"US"
"447","Least Grebe",1.04460380769835,-2.46455191380171,16.0064024902353,5,"US"
"448","Least Sandpiper",-0.512395167368052,-5.13584549892617,2.38017216691708,4,"CA"
"449","Least Sandpiper",-0.677634545750394,-5.47965809709621,1.71603125477455,21,"US"
"450","Least Tern",-4.01628175793269,-6.31386214839165,-1.61322720689077,113,"US"
"451","LeConte's Sparrow",-0.850888823135115,-2.32693773114933,0.81761908172797,295,"CA"
"452","LeConte's Sparrow",-0.598243718981833,-2.0957501954676,0.952375188323117,102,"US"
"453","LeConte's Thrasher",-2.04365973247714,-3.87982441915804,-0.300618993038165,56,"US"
"454","Lesser Goldfinch",0.344843738184075,-0.331849326803025,0.97677401020025,605,"US"
"455","Lesser Nighthawk",0.198273500853763,-0.676711244860228,1.03028426845565,201,"US"
"456","Lesser Prairie-Chicken",0.724179877946673,-1.85487548866673,9.6641246327926,10,"US"
"457","Lesser Scaup",0.0397680893895025,-3.18197649151121,2.39322072907044,316,"CA"
"458","Lesser Scaup",0.41009919873628,-2.11821543047209,2.11728940481595,209,"US"
"459","Lesser Yellowlegs",-2.45210981090372,-4.96644930553105,0.150279643053395,196,"CA"
"460","Lesser Yellowlegs",-2.83342806132154,-4.94000388102857,-0.204131570041785,55,"US"
"461","Lewis's Woodpecker",-2.21562130971891,-5.32612693362337,0.673657904122298,16,"CA"
"462","Lewis's Woodpecker",-1.54886439721323,-3.15124917874032,-0.0577899521215099,166,"US"
"463","Limpkin",2.47225521224189,-0.0466136262885169,5.07452841070377,41,"US"
"464","Lincoln's Sparrow",1.03711032792565,-1.73900312974136,2.66420207836693,703,"CA"
"465","Lincoln's Sparrow",2.2994174291179,0.0767492963673173,4.18602641707156,451,"US"
"466","Little Blue Heron",-1.02240886878812,-1.73340438777225,-0.319045480978724,647,"US"
"467","Loggerhead Shrike",-2.99198183442459,-4.10856350318758,-1.84850826026209,142,"CA"
"468","Loggerhead Shrike",-2.38777914418196,-2.64694905919887,-2.11303247601827,1911,"US"
"469","Long-billed Curlew",-1.05677310329358,-2.22875174506552,0.293891428506109,118,"CA"
"470","Long-billed Curlew",0.553724681421752,-0.34210821825422,1.44504541906069,379,"US"
"471","Long-billed Thrasher",5.60391470151443,3.76574279875711,7.55341636162393,39,"US"
"472","Long-tailed Duck",-1.61075107859774,-10.6863883793683,3.10508627416651,3,"CA"
"473","Long-tailed Duck",-2.28283132786785,-10.5626664127224,1.04690464293974,14,"US"
"474","Long-tailed Jaeger",-2.57738575780883,-9.23665034482713,0.70130988419295,17,"US"
"475","Louisiana Waterthrush",0.833746107379107,0.468990821305614,1.20021876323865,945,"US"
"476","Lucy's Warbler",0.417162605756838,-0.452620375763473,1.31383764251605,70,"US"
"477","MacGillivray's Warbler",-0.470204841257577,-1.17597457702695,0.250257395180022,163,"CA"
"478","MacGillivray's Warbler",-0.488634448235248,-0.988039662426308,-0.0230116703370379,526,"US"
"479","Magnolia Warbler",0.922738576245474,0.0979998282251232,1.60820799921899,639,"CA"
"480","Magnolia Warbler",0.503145465570287,0.0385976567906266,0.952706645900514,405,"US"
"481","Mallard",-0.0468409549647941,-0.85742986283569,0.705124477261625,836,"CA"
"482","Mallard",1.33576778058936,0.792507726684596,1.86443369224105,2721,"US"
"483","Marbled Godwit",-1.39472967830673,-2.10925020254419,-0.656096760339825,251,"CA"
"484","Marbled Godwit",1.08713096962424,0.245888100300269,2.00724842557196,131,"US"
"485","Marbled Murrelet",-1.55384513560546,-6.96921529286781,0.977201976028135,18,"CA"
"486","Marbled Murrelet",0.948756173608545,-1.0810271958958,5.40948524374606,28,"US"
"487","Marsh Wren",3.42441711647408,1.7558220428141,4.99448969057883,232,"CA"
"488","Marsh Wren",2.30568964122355,1.34989778790947,3.20674680424678,530,"US"
"489","McCown's Longspur",-7.16016747637896,-9.68393425774018,-4.0167286434675,58,"CA"
"490","McCown's Longspur",0.942410534170057,-1.71891779160802,3.38622905329506,81,"US"
"491","Merlin",3.40249168199183,1.66666156895122,4.9242496826341,495,"CA"
"492","Merlin",4.37505677682168,2.3719668795619,6.42505877644716,101,"US"
"493","Mew Gull",-1.43372254897034,-3.80425329944277,0.637626225012102,65,"CA"
"494","Mew Gull",-2.06669454665865,-5.05135056150652,-0.112075337535049,79,"US"
"495","(Mexican Duck) Mallard",0.526700321732076,-1.33997485965775,6.36187018094781,20,"US"
"496","Mexican Jay",-0.055596937491631,-1.91976491062018,1.98685183663028,13,"US"
"497","Mississippi Kite",1.65661217924958,0.949482024889773,2.41060519354531,502,"US"
"498","Monk Parakeet",17.1611521706613,5.53857725958176,48.3994437430266,10,"US"
"499","Montezuma Quail",6.50829220618871,-0.693116918272006,25.225678995799,14,"US"
"500","Mottled Duck",-2.0047627581327,-3.44616654618406,-0.607292297449359,116,"US"
"501","Mountain Bluebird",-0.542547107016544,-1.74352942513331,0.689713962120743,220,"CA"
"502","Mountain Bluebird",-0.0917157028639204,-0.777132716658459,0.491405753616896,686,"US"
"503","Mountain Chickadee",0.30704509004198,-0.915045855152317,1.42379015785948,90,"CA"
"504","Mountain Chickadee",-1.27557400974444,-1.80018828171104,-0.77446246052346,510,"US"
"505","Mountain Plover",-3.73384510137139,-5.64722334986067,-1.66388930808314,72,"US"
"506","Mountain Quail",-0.464281878839679,-1.34059584616972,0.3169884599938,185,"US"
"507","Mourning Dove",1.22597240433164,0.932539404708829,1.50612210295459,721,"CA"
"508","Mourning Dove",-0.442826135748725,-0.538561787069898,-0.338817786364735,3773,"US"
"509","Mourning Warbler",-1.41663689800163,-2.20003324046934,-0.712151811950424,611,"CA"
"510","Mourning Warbler",-0.253889136833063,-0.61841532322918,0.121736099020808,386,"US"
"511","Mute Swan",3.66095519486488,-0.0425586309279993,7.85609995704883,69,"US"
"512","(Myrtle Warbler) Yellow-rumped Warbler",1.30885025622332,-0.206335966820073,2.5370932300237,770,"CA"
"513","(Myrtle Warbler) Yellow-rumped Warbler",1.84235650035808,0.12902988458446,3.29505591263966,478,"US"
"514","Nashville Warbler",-0.40486591577803,-1.11077129386265,0.266221209655152,605,"CA"
"515","Nashville Warbler",-0.12226891839196,-0.477809649216757,0.24346338194045,629,"US"
"516","Nelson's Sparrow",1.19487246817723,-0.103252534273491,2.55774609631339,174,"CA"
"517","Nelson's Sparrow",1.17103662109594,-0.376114504085558,2.99037461959917,34,"US"
"518","Neotropic Cormorant",8.11675208861442,4.55844277094951,11.2768245570384,51,"US"
"519","Northern Beardless-Tyrannulet",1.26067408636369,-0.767519905800914,5.10249392498413,6,"US"
"520","Northern Bobwhite",-16.3038715022315,-22.3638825091899,-10.8770180801105,8,"CA"
"521","Northern Bobwhite",-2.91816371143287,-3.08799546303537,-2.73461769124582,1961,"US"
"522","Northern Cardinal",3.58608325020878,3.09882559605845,4.083844129548,132,"CA"
"523","Northern Cardinal",0.117590144852786,0.0485805628708896,0.189794575560292,2386,"US"
"524","Northern Gannet",17.5479317613904,4.36569296167921,31.5572792530837,26,"CA"
"525","Northern Goshawk",-0.0481297291678506,-1.67321840542174,1.46766585269765,26,"CA"
"526","Northern Goshawk",-0.0751193616802703,-1.11965907969307,0.890073095212149,85,"US"
"527","Northern Harrier",-1.7374089898436,-2.32648283405027,-1.14661251062988,592,"CA"
"528","Northern Harrier",-0.205475081782786,-0.58102247416695,0.175817513797014,1340,"US"
"529","Northern Hawk Owl",0.37235321602147,-2.15714534381454,4.58375094913097,19,"US"
"530","Northern Mockingbird",-0.361771103887826,-2.00641829080308,1.31718500985476,87,"CA"
"531","Northern Mockingbird",-0.851354484035,-1.00555848399973,-0.731866967149055,2633,"US"
"532","Northern Parula",3.12318372267267,2.33035745229258,3.64980800808541,340,"CA"
"533","Northern Parula",0.872323715463619,0.599947682473559,1.13361850073939,1435,"US"
"534","Northern Pintail",-2.29202725994984,-4.20355796526048,-0.690654819999984,296,"CA"
"535","Northern Pintail",-1.66979169768214,-3.73406318474211,0.340405170369409,453,"US"
"536","Northern Pygmy-Owl",-0.098190822310662,-1.76070117963001,1.6340639206673,17,"CA"
"537","Northern Pygmy-Owl",0.194610696909281,-0.676508065291238,1.32002268186834,117,"US"
"538","Northern Rough-winged Swallow",-0.744880563533817,-1.80683122964377,0.448184137618704,263,"CA"
"539","Northern Rough-winged Swallow",0.0570055753092991,-0.312470826768627,0.447324321069468,3009,"US"
"540","Northern Saw-whet Owl",0.157736962125044,-2.54737107414988,3.08193562268549,13,"US"
"541","Northern Shoveler",1.63350505473602,0.589294022729667,2.64175707345078,296,"CA"
"542","Northern Shoveler",1.62581958704436,0.623229473066311,2.74966577038541,399,"US"
"543","Northern Waterthrush",0.40987407425247,-1.18687506498686,1.9286493576948,791,"CA"
"544","Northern Waterthrush",-0.604735496620051,-2.34059316074784,1.01518085963883,515,"US"
"545","Northern Wheatear",-3.07001025650604,-22.3558770454181,1.79757365658191,4,"US"
"546","Northwestern Crow",0.459915471662331,-0.8458684502376,1.73159974596115,48,"CA"
"547","Northwestern Crow",1.14377282422663,-3.7773715029436,4.82402696373393,36,"US"
"548","Nuttall's Woodpecker",1.24395436664734,0.622826189322542,1.89429768491122,130,"US"
"549","Oak Titmouse",-1.15375432342247,-1.73738752909086,-0.621835402924398,157,"US"
"550","Olive Sparrow",3.57458654807574,2.11926063568808,5.06002651498833,38,"US"
"551","Olive Warbler",4.8650688528768,-0.226602178764104,14.0708096847429,14,"US"
"552","Olive-sided Flycatcher",-2.03123890851077,-3.07915734164999,-1.06215370695581,649,"CA"
"553","Olive-sided Flycatcher",-2.17725095285596,-3.02241942991073,-1.58471493953149,791,"US"
"554","Orange-crowned Warbler",0.834858671939553,-2.85502839109807,2.83912611027487,384,"CA"
"555","Orange-crowned Warbler",0.220784245037808,-2.07618264675717,1.81785925958964,584,"US"
"556","Orchard Oriole",3.9101591531604,1.98041293691248,5.72647090598978,54,"CA"
"557","Orchard Oriole",-1.04505840016871,-1.22414492268252,-0.871957358717948,2046,"US"
"558","(Oregon Junco) Dark-eyed Junco",-0.929930521720967,-1.56214118826577,-0.287612599469765,157,"CA"
"559","(Oregon Junco) Dark-eyed Junco",-1.301471836668,-1.75923267549278,-0.865291476365859,452,"US"
"560","Osprey",3.16935955633998,0.675535014065796,5.26722839199995,300,"CA"
"561","Osprey",3.95379348268667,2.72819216291002,4.77995518893326,829,"US"
"562","Ovenbird",0.293517783614838,-0.172698167471887,0.6945194464243,725,"CA"
"563","Ovenbird",0.424763384477678,0.290258291648955,0.550846092228989,1373,"US"
"564","Pacific Golden-Plover",-0.1993272255921,-5.26650915782721,4.24942596144965,8,"US"
"565","Pacific Wren",0.364096336888498,-0.484625953737836,1.18251620526755,137,"CA"
"566","Pacific Wren",0.914465929687158,-0.452184297709835,2.11436604339152,240,"US"
"567","Pacific-slope Flycatcher",2.06225585048071,0.96071353116772,3.18907947510314,111,"CA"
"568","Pacific-slope Flycatcher",-0.057223855188121,-0.87261470088201,0.488302607692142,325,"US"
"569","Painted Bunting",-0.542517764391509,-0.839456662791316,-0.234888872125383,510,"US"
"570","Painted Redstart",-0.306584966470097,-2.23962861090373,1.90201120387191,13,"US"
"571","Palm Warbler",1.51793580389123,-1.75782158654678,4.26047736560789,242,"CA"
"572","Palm Warbler",2.27416308018326,0.036936725888515,4.49581637944272,58,"US"
"573","Parasitic Jaeger",0.185346174724588,-4.09221514191446,5.48549168526187,9,"US"
"574","Pelagic Cormorant",-1.03021614468275,-5.37346416476921,1.53003710268177,6,"CA"
"575","Pelagic Cormorant",-0.801690573726765,-4.32213556751849,1.22713253421722,18,"US"
"576","Peregrine Falcon",5.17839805098099,1.97848899353616,8.77754056918801,85,"US"
"577","Phainopepla",2.05668061708879,0.848585403402119,3.40479269154468,201,"US"
"578","Philadelphia Vireo",2.27760861005891,0.58652547222321,3.93522371449976,404,"CA"
"579","Philadelphia Vireo",3.16178914353017,1.58061757311474,4.91594248846718,90,"US"
"580","Pied-billed Grebe",1.09620827690911,-0.200632769877296,2.34271995359086,399,"CA"
"581","Pied-billed Grebe",0.430797290662865,-0.381031113520586,1.40460760354068,655,"US"
"582","Pigeon Guillemot",-0.232153243057537,-3.32676891562249,2.4654790500507,5,"CA"
"583","Pigeon Guillemot",-0.473916652864598,-3.56069498122655,1.91636180184815,21,"US"
"584","Pileated Woodpecker",2.93639101835469,2.25878057669961,3.55619639690381,687,"CA"
"585","Pileated Woodpecker",1.40398943455815,1.22707442841918,1.57877359697627,2142,"US"
"586","Pine Grosbeak",-3.46728461447052,-6.16550558317982,-0.710623926343472,234,"CA"
"587","Pine Grosbeak",-2.23349750078609,-4.27346486892195,-0.102771004563339,149,"US"
"588","Pine Siskin",-2.55160478519556,-3.45018624731181,-1.62165574070806,759,"CA"
"589","Pine Siskin",-1.90465846999061,-2.70123021688569,-1.10649392623825,846,"US"
"590","Pine Warbler",3.84778799813887,2.26741181005593,5.30344505340966,190,"CA"
"591","Pine Warbler",1.47430283467742,1.23539078926738,1.71292011141132,1286,"US"
"592","Pinyon Jay",-2.82977424055573,-3.96148162496965,-1.63856292230863,283,"US"
"593","Plumbeous Vireo",0.188242736272337,-4.73029794978939,1.49575708138087,279,"US"
"594","Prairie Falcon",1.43065400139917,-0.444704166537221,3.48010007141529,28,"CA"
"595","Prairie Falcon",2.01395070824981,1.07241008835707,3.27433192433965,535,"US"
"596","Prairie Warbler",-1.6946686066084,-1.97715850271628,-1.41872354505555,1130,"US"
"597","Prothonotary Warbler",-0.803999396014171,-1.38051013247718,-0.296429492078717,731,"US"
"598","Purple Finch",-0.618857353568641,-1.24831969045182,-0.0590819194304026,715,"CA"
"599","Purple Finch",-1.08109223713406,-1.40892847505246,-0.719821600729935,824,"US"
"600","Purple Gallinule",-1.35342938414983,-4.02903675280018,1.21757633667065,49,"US"
"601","Purple Martin",0.466121214195869,-0.77045469638502,1.59192613769677,228,"CA"
"602","Purple Martin",-0.730952102324534,-1.3241227460196,-0.438621986515233,2170,"US"
"603","Pygmy Nuthatch",0.260759873170202,-1.42222166189259,2.25954800133542,14,"CA"
"604","Pygmy Nuthatch",-0.0890345235858681,-1.11452968206064,1.08628936222028,218,"US"
"605","Pyrrhuloxia",-1.036188034284,-1.75360066979927,-0.392167169383131,143,"US"
"606","Razorbill",0.199159696943263,-3.65319216925383,7.94220034992668,3,"CA"
"607","Red Crossbill",1.58841185353014,0.18046242253673,2.93538517344837,250,"CA"
"608","Red Crossbill",1.83620738692983,0.68883505905835,2.92384375904453,588,"US"
"609","Red-bellied Woodpecker",9.38095996349072,6.84371328768108,12.2426417661308,42,"CA"
"610","Red-bellied Woodpecker",1.06840679516634,0.954883761479754,1.17860031392158,2083,"US"
"611","Red-breasted Merganser",-0.561977865560059,-3.22059947733492,2.00795344388964,54,"CA"
"612","Red-breasted Merganser",-0.840000297407995,-3.61029281320577,1.39656783281121,19,"US"
"613","Red-breasted Nuthatch",2.22139083404551,1.68121681958173,2.79517056454787,826,"CA"
"614","Red-breasted Nuthatch",1.16506104266924,0.763032572556898,1.55152073223057,1089,"US"
"615","Red-breasted Sapsucker",2.20651135612139,0.916864958748635,3.58332866180853,83,"CA"
"616","Red-breasted Sapsucker",2.64440537658721,1.19357659797841,4.10016574533319,234,"US"
"617","Red-cockaded Woodpecker",-1.23918897215942,-3.4371905018854,1.04918139499947,41,"US"
"618","Reddish Egret",-0.223289139636679,-3.89058074349163,2.83635057928933,23,"US"
"619","Red-eyed Vireo",0.718520325423422,0.0154293642110948,1.08530983719034,926,"CA"
"620","Red-eyed Vireo",0.812633883537106,0.718192178940439,0.902220556438061,2425,"US"
"621","Red-faced Warbler",-1.46440248260328,-4.35119568108104,0.220941959471628,16,"US"
"622","Redhead",3.11740395228121,1.28709394153741,5.36469696361076,211,"CA"
"623","Redhead",1.15700752930792,-0.722078403551095,3.17214190993574,244,"US"
"624","Red-headed Woodpecker",-0.971766933903073,-2.56248549804501,0.444941109632726,86,"CA"
"625","Red-headed Woodpecker",-1.2679442445423,-1.5016316669395,-1.05811062734168,1814,"US"
"626","Red-naped Sapsucker",1.37036492438491,0.297809254681977,2.44344408687075,75,"CA"
"627","Red-naped Sapsucker",2.50835511175191,1.60724148611969,3.44203599450799,314,"US"
"628","Red-necked Grebe",1.32218608236462,-4.01574980122323,4.77979595135075,180,"CA"
"629","Red-necked Grebe",-1.211582088716,-4.91780909878972,2.31952580437214,54,"US"
"630","Red-necked Phalarope",-7.39233638212772,-13.3984660005793,-1.65356447873754,3,"CA"
"631","Red-necked Phalarope",-7.18661048975178,-12.6068551491573,-1.27706637012109,24,"US"
"632","(Red-shafted Flicker) Northern Flicker",-0.400811461015432,-0.95042264968114,0.134829372848134,182,"CA"
"633","(Red-shafted Flicker) Northern Flicker",-0.29584086026696,-0.57558285914834,-0.0136292732852933,1096,"US"
"634","Red-shouldered Hawk",1.29997481723938,-0.189793978549293,2.76330258886328,68,"CA"
"635","Red-shouldered Hawk",3.06699485937691,2.78243994552072,3.35233591294053,1594,"US"
"636","Red-tailed Hawk",0.92446815545969,0.394035778697387,1.41135885073965,728,"CA"
"637","Red-tailed Hawk",2.16322030014454,2.00427874982029,2.32437879481199,3623,"US"
"638","Red-winged Blackbird",-0.0286294048985836,-0.388832773444796,0.212879519932029,972,"CA"
"639","Red-winged Blackbird",-1.07908573534539,-1.18636981600298,-0.987510517520506,3614,"US"
"640","Rhinoceros Auklet",0.358875830560268,-2.50448636040984,7.15471266280711,3,"CA"
"641","Rhinoceros Auklet",-0.110438885125758,-3.14502046775676,4.92658399980463,5,"US"
"642","Ridgway's Rail",3.1179975024177,-0.931528037640394,12.1720859636727,6,"US"
"643","Ring-billed Gull",3.44016152839224,1.54576154115645,5.69817496449668,593,"CA"
"644","Ring-billed Gull",2.5356344144593,0.701998575126537,4.18240638655613,731,"US"
"645","Ring-necked Duck",1.85323696032467,-0.358569117107314,3.74757516371853,341,"CA"
"646","Ring-necked Duck",2.83744906127539,1.16605563979237,4.54372482787416,199,"US"
"647","Ring-necked Pheasant",-0.124794395989558,-1.20636044351687,0.87061671044523,265,"CA"
"648","Ring-necked Pheasant",-1.03229246385241,-1.29836389547474,-0.743071728976584,1624,"US"
"649","Rock Pigeon",0.638401374169728,0.105673186375514,1.21867891852376,638,"CA"
"650","Rock Pigeon",-0.391265429779419,-0.695278895395228,-0.0705191628189954,2885,"US"
"651","Rock Ptarmigan",0.545521764532819,-4.55452804792443,22.9266948570602,4,"CA"
"652","Rock Ptarmigan",0.819120464976097,-4.56575906528782,24.06325513239,6,"US"
"653","Rock Wren",-0.297792927234108,-2.36122398991748,1.58465800064213,35,"CA"
"654","Rock Wren",-0.602676440060079,-1.07053978001557,-0.0521324751051446,934,"US"
"655","Roseate Spoonbill",5.45707498817479,3.07472342266561,7.7265120526539,77,"US"
"656","Rose-breasted Grosbeak",-0.556963733303706,-1.11940701746661,-0.0872724114824536,612,"CA"
"657","Rose-breasted Grosbeak",-0.224236649574522,-0.425542393700597,-0.0206568882356227,1179,"US"
"658","Rough-legged Hawk",-0.00261302339698566,-3.40489635158667,3.28303294362323,9,"CA"
"659","Rough-legged Hawk",-0.401130843938446,-3.84709509578547,2.41606963030118,9,"US"
"660","Royal Tern",-0.447408099400687,-1.99442178211839,0.977910218092059,54,"US"
"661","Ruby-crowned Kinglet",1.88383916194172,0.218977637355347,3.08151306784007,812,"CA"
"662","Ruby-crowned Kinglet",0.237964317672024,-1.25612186977886,1.38040254923344,663,"US"
"663","Ruby-throated Hummingbird",1.03675753807299,0.498376292326068,1.57061182584818,413,"CA"
"664","Ruby-throated Hummingbird",1.14975966934516,0.930233826159602,1.37650581694955,1994,"US"
"665","Ruddy Duck",1.3299923756991,-0.110312848148388,2.65978945231879,211,"CA"
"666","Ruddy Duck",0.881736017837131,-0.347480740042227,2.24108575134403,249,"US"
"667","Ruddy Turnstone",-7.99335562657726,-47.7146351394434,1.58660888960176,5,"US"
"668","Ruffed Grouse",0.258237254326465,-0.468491530535862,1.00923701346002,657,"CA"
"669","Ruffed Grouse",-0.347805866211059,-0.967703068483804,0.235897128586601,622,"US"
"670","Rufous Hummingbird",-1.906001357957,-2.76947004677944,-1.06160181484266,148,"CA"
"671","Rufous Hummingbird",-2.18874122788219,-2.88386203037762,-1.56123818708103,225,"US"
"672","Rufous-crowned Sparrow",0.199578945676848,-0.702528064095526,1.04549048740454,185,"US"
"673","Rusty Blackbird",-3.4322931427182,-5.80688748650122,-0.89317094764532,224,"CA"
"674","Rusty Blackbird",-2.78192719944884,-5.0034186069897,0.191071858307272,76,"US"
"675","Sage Thrasher",-0.364731785796307,-0.944076140285457,0.177682529126319,461,"US"
"676","Sagebrush Sparrow",-1.14269188162599,-2.14767848862608,-0.177784598322803,305,"US"
"677","Saltmarsh Sparrow",0.772449961427923,-13.9534725247585,72.5568742364278,3,"US"
"678","Sandhill Crane",8.61673966811145,3.20273538481743,12.0749130778373,306,"CA"
"679","Sandhill Crane",4.78554760563792,2.65520464245703,5.79349322872892,578,"US"
"680","Sandwich Tern",0.145435588848519,-5.33984129908823,8.38566322120522,4,"US"
"681","Savannah Sparrow",-1.13962336929352,-2.67166247409526,-0.23818232451258,918,"CA"
"682","Savannah Sparrow",-1.33731883940125,-3.26053488005944,-0.314839248736402,1665,"US"
"683","Say's Phoebe",1.77244262392249,0.224244203754419,3.09572884105279,104,"CA"
"684","Say's Phoebe",1.247740735523,0.834422259505448,1.67514396134958,1003,"US"
"685","Scaled Quail",-0.640537157092919,-1.46868398321261,0.159650690097593,204,"US"
"686","Scarlet Tanager",-0.480074476038361,-1.11107810155285,0.154388160062518,262,"CA"
"687","Scarlet Tanager",0.142674817306965,-0.0346087926445859,0.322444905670811,1492,"US"
"688","Scissor-tailed Flycatcher",-0.816508709146346,-1.06309542136274,-0.583107587045426,468,"US"
"689","Scott's Oriole",-0.585405243805737,-1.44469655993242,0.11316144246916,230,"US"
"690","Seaside Sparrow",3.45748702219787,0.936162511276947,6.19501587721851,28,"US"
"691","Sedge Wren",1.26581003983218,-0.10556126586263,2.49402003269394,198,"CA"
"692","Sedge Wren",1.05886224983933,0.423329067376804,1.6460879160856,421,"US"
"693","Semipalmated Plover",-3.43087562197363,-9.759632749115,3.93155506380806,4,"CA"
"694","Semipalmated Plover",-2.94426388381102,-8.54544249100938,3.86083493638411,29,"US"
"695","Semipalmated Sandpiper",0.397603351585896,-7.48345001609592,8.00212822267797,6,"US"
"696","Sharp-shinned Hawk",1.8358139915483,0.604991477505743,2.90467941995767,156,"CA"
"697","Sharp-shinned Hawk",1.37001579965781,0.536503304815025,2.21296596009143,488,"US"
"698","Sharp-tailed Grouse",0.539534427526689,-0.792181353920419,1.86168440384464,167,"CA"
"699","Sharp-tailed Grouse",0.61835314841846,-0.577536336318036,1.77148906020883,169,"US"
"700","Short-billed Dowitcher",-1.17174729869693,-9.28852146976672,2.53736786447481,4,"CA"
"701","Short-billed Dowitcher",-1.07968562592876,-8.98020581954076,2.12147752972295,11,"US"
"702","Short-eared Owl",-2.05168308830235,-3.57916169584878,-0.610796771135068,98,"CA"
"703","Short-eared Owl",-1.67773221932336,-3.12755664235547,-0.413415256040664,281,"US"
"704","(Slate-colored Junco) Dark-eyed Junco",-0.156050100669208,-2.1062591963615,1.44174802493148,658,"CA"
"705","(Slate-colored Junco) Dark-eyed Junco",0.317276498202823,-1.42026940942849,1.99185995078928,446,"US"
"706","Smooth-billed Ani",-13.9732024343925,-31.3803949608851,-4.52299408280518,10,"US"
"707","Snail Kite",0.412396271497573,-3.63391765154169,9.91743038739837,5,"US"
"708","Snowy Egret",2.42266287171652,1.16647573770075,3.77896967290805,482,"US"
"709","Solitary Sandpiper",0.510540615505539,-1.44383152807381,2.74866150225114,139,"CA"
"710","Solitary Sandpiper",-1.71483417561129,-4.46421664987387,0.824766590372885,30,"US"
"711","Song Sparrow",-1.07824199121093,-1.38282404471331,-0.795127971395261,946,"CA"
"712","Song Sparrow",-0.738681921970713,-0.890039443873609,-0.637659454796543,2592,"US"
"713","Sooty Grouse",-1.48564260026464,-3.11165381213505,0.0190010380369103,45,"CA"
"714","Sooty Grouse",0.468579387435553,-1.23931648485754,2.01529564119606,103,"US"
"715","Sora",0.341059048568904,-0.555060979475893,1.3546160585892,524,"CA"
"716","Sora",0.497469091056468,-0.296671327829839,1.35753987145688,504,"US"
"717","Spot-breasted Oriole",-7.6694715733359,-17.0599135921808,-0.321737237471466,5,"US"
"718","Spotted Dove",-1.13209485669579,-6.18570366077542,1.3979954804991,13,"US"
"719","Spotted Owl",-0.177504090536557,-2.92800858853366,2.11815140353301,9,"US"
"720","Spotted Sandpiper",-1.95959323831485,-3.43234329156544,-0.889369415438577,766,"CA"
"721","Spotted Sandpiper",-1.37675680214938,-2.10785506287937,-0.804472182130381,1198,"US"
"722","Spotted Towhee",0.653128321564944,-0.221884633053319,1.51774554067574,125,"CA"
"723","Spotted Towhee",-0.168974624655199,-0.728581242070867,0.217242425558267,918,"US"
"724","Sprague's Pipit",-4.21573296381589,-5.39138566122019,-3.19548662021618,195,"CA"
"725","Sprague's Pipit",-1.49603113408361,-3.25447792712912,0.265760538093524,82,"US"
"726","Spruce Grouse",0.494543211244924,-4.05568029110002,4.9875161610659,37,"CA"
"727","Spruce Grouse",0.0529274154867254,-4.45434021569831,4.66182263533692,18,"US"
"728","Steller's Jay",0.574327892701132,-0.299004707792427,1.61517762547324,106,"CA"
"729","Steller's Jay",-0.3958533926046,-0.792299855240207,-0.0450884031043243,583,"US"
"730","Sulphur-bellied Flycatcher",1.42798872958712,-1.09338844879061,10.6326441394228,5,"US"
"731","Summer Tanager",0.35697666286898,0.180122890480775,0.529695180239765,1292,"US"
"732","Swainson's Hawk",0.82167749285178,0.0986143118801774,1.53065147992053,236,"CA"
"733","Swainson's Hawk",1.77591899042088,1.42657643633047,2.11104782627154,958,"US"
"734","Swainson's Thrush",-0.105741903975071,-0.84155255632327,0.514822131879093,872,"CA"
"735","Swainson's Thrush",0.1247893101324,-1.16438060994826,1.28942141731536,694,"US"
"736","Swainson's Warbler",3.04792841617513,1.97148607493067,4.12695750598698,276,"US"
"737","Swallow-tailed Kite",6.28535378337739,4.81369934888458,7.7889101455168,121,"US"
"738","Swamp Sparrow",0.347809024306001,-1.15827813261512,1.5366103124784,660,"CA"
"739","Swamp Sparrow",1.06992280456915,0.746086650751798,1.38345107631684,706,"US"
"740","Tennessee Warbler",-0.449978030251758,-5.3468810715412,2.41773786622927,659,"CA"
"741","Tennessee Warbler",1.20888364162054,-1.19271414316347,3.29971257592063,126,"US"
"742","Thick-billed Kingbird",-0.166313735844409,-3.35655605265592,3.90843382068473,3,"US"
"743","Townsend's Solitaire",0.286388976598528,-0.961627507066171,1.44871783010248,115,"CA"
"744","Townsend's Solitaire",1.55344043428387,0.77001030541225,2.36188738260962,453,"US"
"745","Townsend's Warbler",0.161753074986282,-0.91883125159428,1.16093682993121,163,"CA"
"746","Townsend's Warbler",1.20521581222068,-0.056872846609193,2.38936055672366,212,"US"
"747","Tree Swallow",-0.859598721132332,-2.48850071596637,0.0105897670703837,1029,"CA"
"748","Tree Swallow",-0.149523122189399,-1.79507620297857,0.587284567426617,2352,"US"
"749","Tricolored Blackbird",-0.911532579877516,-4.62356064139422,1.82354231582143,83,"US"
"750","Tricolored Heron",-0.779265192617579,-1.79540071029485,0.330585894025232,184,"US"
"751","Trumpeter Swan",16.4453785967446,6.80527773832429,29.1791094946056,20,"CA"
"752","Trumpeter Swan",5.67224832110635,-1.3585937153787,11.7426908229858,90,"US"
"753","Tufted Titmouse",8.75333688884123,3.84133940270641,14.3858254214046,4,"CA"
"754","Tufted Titmouse",0.87358779780119,0.735041634976812,1.01833549443586,1978,"US"
"755","Tundra Swan",-0.195401485853886,-5.0443183703521,4.85535596788161,18,"US"
"756","Turkey Vulture",7.89230522729533,6.68235701239333,9.04973293836451,316,"CA"
"757","Turkey Vulture",2.46129428494773,2.20406600057837,2.70788702272759,3242,"US"
"758","unid. Alder Flycatcher / Willow Flycatcher",-11.0196307649295,-16.1307509909937,-7.08458225845206,9,"CA"
"759","unid. Alder Flycatcher / Willow Flycatcher",-10.5806896759892,-14.9575727365243,-6.93459998996569,56,"US"
"760","unid. American Crow / Fish Crow",88.4454953206907,32.434215645719,171.809474887536,171,"US"
"761","unid. American Crow / Northwestern Crow",0.585639331631882,-3.1726087380574,10.2870754377745,4,"US"
"762","unid. Boat-tailed Grackle / Great-tailed Grackle",26.3211629182171,-0.159494147505073,75.6625791446849,9,"US"
"763","unid. Buteo hawk",5.4626355509062,0.33750131102649,12.6468069282095,29,"US"
"764","unid. California Scrub-Jay / Woodhouse's Scrub-Jay",0.672574742968823,-1.39673128620326,7.08460753987457,14,"US"
"765","unid. Carolina Chickadee / Black-capped Chickadee",59.8045087209431,15.2234324086424,272.892790385452,18,"US"
"766","unid. Cassin's Kingbird / Western Kingbird",12.6576544544961,0.64608933319722,119.063616656708,7,"US"
"767","unid. Cave Swallow / Cliff Swallow",258.540964042562,76.3656019563933,872.580231536544,30,"US"
"768","unid. Chihuahuan Raven / Common Raven",31.4252258470069,11.0518902172426,80.6021794480843,38,"US"
"769","unid. Common Goldeneye / Barrow's Goldeneye",-0.614624967827659,-6.95219935152641,2.61998983291587,5,"US"
"770","unid. Common Redpoll / Hoary Redpoll",16.1920438357881,-0.0836679684676153,83.0285664418187,11,"US"
"771","unid. Cordilleran / Pacific-slope Flycatcher",40.1251053057678,13.986178552252,107.139347478834,7,"CA"
"772","unid. Cordilleran / Pacific-slope Flycatcher",7.30419632332437,-0.638183549982676,16.8420714099659,14,"US"
"773","unid. Dusky Grouse / Sooty Grouse",-2.30492725716469,-7.48274423326356,0.49811876893829,11,"CA"
"774","unid. Dusky Grouse / Sooty Grouse",-1.28206120414507,-6.30312889728713,1.46516640054971,13,"US"
"775","unid. Eastern Meadowlark / Western Meadowlark",7.62382304542618,0.104728898045379,15.6808110884327,58,"US"
"776","unid. Empidonax flycatcher",1.4386726742654,-7.09864987650625,12.6333741511329,4,"CA"
"777","unid. Empidonax flycatcher",-1.41029419901724,-4.25737685428507,1.39619510520102,149,"US"
"778","unid. Glossy Ibis / White-faced Ibis",36.8080022335083,13.3689611148788,95.2596423819086,24,"US"
"779","unid. Greater Scaup / Lesser Scaup",-0.37097621337816,-4.83133008786228,3.59508687837215,11,"CA"
"780","unid. Greater Scaup / Lesser Scaup",0.141070622859962,-3.63826069001604,4.13204036975808,15,"US"
"781","unid. gull",10.0422246233974,3.46555752307089,15.3453829738274,121,"CA"
"782","unid. gull",11.1797498974583,3.27329177203619,18.0828393143585,105,"US"
"783","unid. Hammond's Flycatcher / Dusky Flycatcher",13.5940777176766,-1.77800112935716,41.4575550231207,5,"CA"
"784","unid. Hammond's Flycatcher / Dusky Flycatcher",5.59835717316604,-8.77496828677633,20.5307437851168,24,"US"
"785","unid. hummingbird",6.23117830515261,2.50671097651887,11.4454044076589,13,"CA"
"786","unid. hummingbird",3.01250730465177,1.27621375943351,4.72878711002086,279,"US"
"787","(unid. Myrtle/Audubon's) Yellow-rumped Warbler",87.7980395923117,33.9050521812147,324.179153841026,62,"CA"
"788","(unid. Myrtle/Audubon's) Yellow-rumped Warbler",89.6654130976418,34.8090965164993,328.527221938079,14,"US"
"789","unid. Northern Cardinal / Pyrrhuloxia",5.59893155338974,-0.946221871663685,27.3567379091158,7,"US"
"790","unid. Oak Titmouse / Juniper Titmouse",-3.33519847005677,-14.2562410321297,4.90151035320522,4,"US"
"791","unid. Purple Finch / Cassin's Finch / House Finch",16.6703083375362,-2.91731066999208,6769.03251450087,3,"US"
"792","(unid. race) Dark-eyed Junco",29.8612935201495,16.8177322256964,57.9750850957501,58,"CA"
"793","(unid. race) Dark-eyed Junco",30.847142136804,17.4010170922356,58.5532710359427,48,"US"
"794","(unid. Red/Yellow Shafted) Northern Flicker",11.5748677693055,7.83098662973018,15.9451134523263,84,"CA"
"795","(unid. Red/Yellow Shafted) Northern Flicker",11.971469170107,8.95945502382581,15.5980764466478,122,"US"
"796","unid. Sagebrush Sparrow / Bell's Sparrow",-0.029585900891832,-1.88736655786863,1.71904428638118,16,"US"
"797","unid. sapsucker",18.1839630044335,7.40262653566573,39.2198800686514,13,"CA"
"798","unid. sapsucker",5.92369809814007,1.07576871302916,11.7061025291807,32,"US"
"799","unid. Spotted Towhee / Eastern Towhee",22.1329540584113,5.68825663506706,243.665444523154,7,"US"
"800","unid. tern",0.19164544090452,-5.60547025306053,6.53984687643248,9,"CA"
"801","unid. Townsend's Warbler / Hermit Warbler",20.5986938362985,6.32112752397457,196.064303775997,4,"US"
"802","unid. Tufted Titmouse / Black-crested Titmouse",0.628671718833296,-2.56115343394411,24.127363228684,6,"US"
"803","unid. western chickadee species",21.0956013491902,5.1309501688532,73.3979891910352,6,"US"
"804","unid. Western Grebe / Clark's Grebe",-16.1506235528809,-25.4989266082629,-5.41152090745329,5,"CA"
"805","unid. Western Grebe / Clark's Grebe",-14.5534466950356,-25.2292053857277,-6.39321886611484,37,"US"
"806","unid. woodpecker",108.119115837557,26.3725093971171,1021.4724374257,145,"CA"
"807","unid. woodpecker",106.313418550809,25.540160240938,1004.06858261967,172,"US"
"808","unid. Yellow-billed Cuckoo / Black-billed Cuckoo",2.78849594028493,-2.55118061047529,79.5394972467417,4,"US"
"809","Upland Sandpiper",1.01561063299994,-0.218031132263863,2.00448789426887,292,"CA"
"810","Upland Sandpiper",0.825490814677843,0.395402533613,1.22592798393469,736,"US"
"811","Varied Bunting",0.517761927587257,-0.948912335450321,2.54751587318479,24,"US"
"812","Varied Thrush",0.427652117660127,-0.500148477959814,1.43708190458648,214,"CA"
"813","Varied Thrush",0.758068559213787,-0.696978535462045,2.25568159165179,234,"US"
"814","Vaux's Swift",-0.507539313245731,-2.19885731713112,1.23598491572167,66,"CA"
"815","Vaux's Swift",-0.263934941222776,-1.29922799616949,0.896214620654217,215,"US"
"816","Veery",-0.530148673403436,-0.871540985808457,-0.149692508053912,655,"CA"
"817","Veery",-1.24983491669858,-1.44274168796274,-1.05901390093396,855,"US"
"818","Verdin",-1.20848615846453,-2.522918573349,-0.107970393755275,204,"US"
"819","Vermilion Flycatcher",0.848912046504668,-0.109225459662836,1.95409783292754,116,"US"
"820","Vesper Sparrow",-1.32127743423207,-1.88405496423051,-0.882149631777472,616,"CA"
"821","Vesper Sparrow",-0.984270084614597,-1.28484248007134,-0.659484555931513,1725,"US"
"822","Violet-green Swallow",-0.0572012531833421,-1.09101718817721,0.968506720545569,162,"CA"
"823","Violet-green Swallow",-0.865046003904563,-1.42919184576213,-0.424402670905136,918,"US"
"824","Virginia Rail",0.721194803483327,-1.10301962882233,2.80726247076596,54,"CA"
"825","Virginia Rail",0.65437991643611,-0.454649455529997,1.8364965880801,148,"US"
"826","Virginia's Warbler",-1.52529590948189,-3.40857831527708,-0.308244076699888,127,"US"
"827","Wandering Tattler",-0.406792440601134,-6.24324933605357,4.14361062210258,5,"US"
"828","Warbling Vireo",0.824555250385206,0.232275688683883,1.31163203426618,674,"CA"
"829","Warbling Vireo",0.537685956790157,0.310839440100543,0.740868847595763,2268,"US"
"830","Western Bluebird",3.61651494970409,1.22335976969375,6.22244777237717,13,"CA"
"831","Western Bluebird",0.999402553582673,0.265581330891505,1.63714351102033,466,"US"
"832","Western Grebe",0.493174872896873,-4.66544995580246,6.42668878675703,33,"CA"
"833","Western Grebe",-0.943982172698465,-3.85900172818025,1.59155151912411,163,"US"
"834","Western Gull",-1.16972672990816,-4.0118575743635,1.95662744523858,28,"US"
"835","Western Kingbird",0.0381777124633609,-0.564969959550231,0.683643516151287,237,"CA"
"836","Western Kingbird",-0.0854934091156168,-0.31640391646318,0.137067172405919,1446,"US"
"837","Western Meadowlark",-1.42208210427647,-1.71922704893319,-1.12281468204012,387,"CA"
"838","Western Meadowlark",-1.16622854610366,-1.34248534261227,-0.995656518941587,1752,"US"
"839","Western Screech-Owl",-0.154460634994652,-1.85940589387765,1.57844959028782,35,"US"
"840","Western Tanager",0.778081688506915,-0.124039866281432,1.50203921410202,226,"CA"
"841","Western Tanager",0.479157130246921,0.140760819475634,0.768973193775909,796,"US"
"842","Western Wood-Pewee",-1.89933467844787,-2.90767594762536,-1.18272594043045,365,"CA"
"843","Western Wood-Pewee",-0.761461188361001,-1.46321391251751,-0.41731725085379,1055,"US"
"844","Whimbrel",-0.397766968219049,-5.10869229327558,3.67093537198842,19,"US"
"845","White Ibis",3.50350090007175,1.82876306893759,5.38194871439842,326,"US"
"846","White-breasted Nuthatch",2.03233943126474,1.38678982956486,2.70602935961014,361,"CA"
"847","White-breasted Nuthatch",1.71708666833739,1.48335635830743,1.9604202692931,2361,"US"
"848","White-crowned Sparrow",-1.92628041071286,-4.23414286558803,0.399734788160504,244,"CA"
"849","White-crowned Sparrow",-2.23011299632142,-4.02433102073509,-0.537766415699564,449,"US"
"850","White-eyed Vireo",0.979101396518811,0.809195602872973,1.14268547058663,1505,"US"
"851","White-faced Ibis",5.18309099584718,1.0972084414974,11.3542477998853,168,"US"
"852","White-faced Ibis",33.4389932033808,15.2143794941696,59.8541304161145,11,"CA"
"853","White-headed Woodpecker",0.626781545438471,-0.107002496403425,1.54099898336295,119,"US"
"854","White-tailed Hawk",3.07320319747607,1.034171813735,5.45328313028318,30,"US"
"855","White-tailed Kite",-1.72039521874764,-3.00509843095874,-0.51477952119764,106,"US"
"856","White-throated Sparrow",-0.893655980111385,-1.88552285576973,-0.201957815335727,818,"CA"
"857","White-throated Sparrow",-2.14867865619712,-2.38244969839728,-1.9050758822147,408,"US"
"858","White-throated Swift",-0.708240661777843,-4.88611760816272,2.96035370994227,8,"CA"
"859","White-throated Swift",-0.621883724144379,-1.96044554825193,0.462272553204397,392,"US"
"860","White-tipped Dove",6.9240771671266,2.88887039035518,11.4862815405902,23,"US"
"861","White-winged Crossbill",4.2802454317633,1.44719767976187,7.45905752229039,430,"CA"
"862","White-winged Crossbill",5.15156390713776,1.47495636707129,9.01275705544445,120,"US"
"863","White-winged Dove",1.9837402607532,0.358592199143881,3.25146016748943,314,"US"
"864","(White-winged Junco) Dark-eyed Junco",-0.734337997489576,-2.16517033710281,0.742423521383733,18,"US"
"865","White-winged Scoter",-6.07989408979374,-10.5255398245954,-1.40316836168168,23,"CA"
"866","White-winged Scoter",-6.19918384036306,-10.9181831111771,-1.52684632855743,14,"US"
"867","Wild Turkey",15.8639156173596,10.7632282545242,20.1965142954193,143,"CA"
"868","Wild Turkey",7.1522183092629,6.25334185674514,7.95878956254574,2213,"US"
"869","Willet",-0.74287074828655,-1.32239225745436,-0.148450176043205,232,"CA"
"870","Willet",-0.243496600034077,-0.816315196627337,0.331776943562383,298,"US"
"871","Williamson's Sapsucker",0.553405403614682,-0.585827990226132,2.4335080460494,192,"US"
"872","Willow Flycatcher",-1.13568409110522,-1.81289967148464,-0.467113676795244,251,"CA"
"873","Willow Flycatcher",-1.63149842495733,-1.99951844947195,-1.29091969625793,1472,"US"
"874","Willow Ptarmigan",-0.136774015503466,-4.29902711767321,3.62396435755356,4,"CA"
"875","Willow Ptarmigan",-0.0079517155235187,-3.37208479514288,3.15476835262632,25,"US"
"876","Wilson's Phalarope",1.25128922549522,-0.314804126626183,2.72857832153318,209,"CA"
"877","Wilson's Phalarope",-0.874516813388776,-1.96940378614329,0.182477231745322,380,"US"
"878","Wilson's Plover",-9.45266716106207,-16.8669202476307,-1.66755605936972,10,"US"
"879","Wilson's Snipe",1.23081189134898,-0.800187886132311,2.41451082042854,976,"CA"
"880","Wilson's Snipe",0.798973795370672,-0.884093875539758,1.96708138286981,1107,"US"
"881","Wilson's Warbler",-0.342616722163208,-1.7825198787622,0.963574408111818,573,"CA"
"882","Wilson's Warbler",-0.393664435075847,-1.72277393404363,0.858175055613434,653,"US"
"883","Winter Wren",0.1303289091659,-0.902754689150329,0.961421160985548,567,"CA"
"884","Winter Wren",0.0996186044452618,-0.416917459940856,0.603689638967026,409,"US"
"885","Wood Duck",3.66422017232119,2.65394052669524,4.68831133384,273,"CA"
"886","Wood Duck",2.0674163463071,1.64742995890865,2.51148478221829,2029,"US"
"887","Wood Stork",0.451909010554463,-0.913808559209312,1.98193013022107,151,"US"
"888","Wood Thrush",-2.5026454641107,-3.02598029861536,-2.00584594026704,225,"CA"
"889","Wood Thrush",-1.41308588427059,-1.53359070964667,-1.27782990386387,1919,"US"
"890","Woodhouse's Scrub-Jay",-0.228891120480818,-1.10400909400644,0.613721860595996,263,"US"
"891","Worm-eating Warbler",0.624560359243198,0.035451620000449,1.25650141454967,611,"US"
"892","Wrentit",-0.527578725475031,-0.977240908466507,-0.108400895112048,172,"US"
"893","Yellow Rail",0.55078185461489,-1.80588759003953,4.29036321716437,29,"CA"
"894","Yellow Rail",0.405211383357018,-1.95834154272052,4.34245124954032,10,"US"
"895","Yellow Warbler",-0.418857455542426,-1.43303755080058,0.245362337207682,1066,"CA"
"896","Yellow Warbler",-0.405613735822624,-1.37582046903193,0.0533705490532499,2649,"US"
"897","Yellow-bellied Flycatcher",1.48464376908262,-1.50926198038256,4.70734602646233,434,"CA"
"898","Yellow-bellied Flycatcher",2.51470488544567,0.704070963454995,4.17779851834462,151,"US"
"899","Yellow-bellied Sapsucker",0.311019884059727,-0.955192241093117,1.13834603944062,689,"CA"
"900","Yellow-bellied Sapsucker",1.82959372579621,1.32394548525786,2.28621271632006,520,"US"
"901","Yellow-billed Cuckoo",-0.335167065785702,-1.20846767733526,0.565712192653262,76,"CA"
"902","Yellow-billed Cuckoo",-0.794586156054955,-0.979845321318797,-0.627627795444641,2298,"US"
"903","Yellow-billed Magpie",-3.29796102977206,-4.10441139562541,-2.43177709980179,47,"US"
"904","Yellow-breasted Chat",1.19786572448575,-1.78715432417262,4.22581636424211,10,"CA"
"905","Yellow-breasted Chat",-0.519151067760271,-0.665555009133941,-0.371024292238925,1999,"US"
"906","Yellow-crowned Night-Heron",0.407719942489126,-0.992065479244266,2.15043987871258,360,"US"
"907","Yellow-eyed Junco",-0.163077956561669,-3.01726683831284,5.69203753599004,6,"US"
"908","Yellow-headed Blackbird",1.86267426172976,0.99905062228334,2.8409150836981,318,"CA"
"909","Yellow-headed Blackbird",0.416057565687988,-0.35187519452833,1.05697665219871,745,"US"
"910","(Yellow-shafted Flicker) Northern Flicker",-1.32924634380879,-2.00081931180732,-0.700921156686475,910,"CA"
"911","(Yellow-shafted Flicker) Northern Flicker",-2.33168271425366,-2.46490481302837,-2.19551477800356,2388,"US"
"912","Yellow-throated Vireo",1.47841255570845,0.285887088099723,2.63523385387219,87,"CA"
"913","Yellow-throated Vireo",1.36094018490416,1.14031206125981,1.58704960792579,1795,"US"
"914","Yellow-throated Warbler",1.25680639364691,0.842800459288982,1.68651971633784,830,"US"
"915","Zone-tailed Hawk",2.54063969272191,-0.278311026512112,8.77636379231583,19,"US"
